obs_0,obs_1,obs_2,obs_3,obs_4,obs_5,obs_6,obs_7,obs_8,obs_9,obs_10,obs_11,obs_12,obs_13,obs_14,obs_15,obs_16,obs_17,obs_18,obs_19,obs_20,obs_21,obs_22,obs_23,obs_24,obs_25,obs_26,obs_27,action_0,action_1,action_2,action_3,action_4,action_5,action_6,action_7,action_8,action_9
2.081392765045166016e+00,1.314738035202026367e+00,-2.740854918956756592e-01,-6.766568403691053391e-03,-1.730607450008392334e-02,-1.745329238474369049e-02,-8.721029162406921387e-01,-4.893224537372589111e-01,0.000000000000000000e+00,0.000000000000000000e+00,0.000000000000000000e+00,2.500000000000000000e+00,1.500000000000000000e+00,-9.999999776482582092e-03,-9.999999776482582092e-03,1.745329238474369049e-02,1.500000000000000000e+00,7.500000000000000000e-01,-1.499999966472387314e-02,-7.499999832361936569e-03,0.000000000000000000e+00,1.076470565795898438e+01,1.421092510223388672e+01,2.668931245803833008e+00,9.999999776482582092e-03,1.949551515281200409e-02,5.774613857269287109e+00,5.000000074505805969e-02,-5.372678041458129883e-01,-3.767566978931427002e-01,-4.753113090991973877e-01,-2.349840104579925537e-01,7.283883690834045410e-01,2.870220504701137543e-02,2.786474227905273438e-01,8.428323268890380859e-02,1.470868289470672607e-01,9.054180979728698730e-02
1.946141481399536133e+00,1.125968098640441895e+00,-1.339802443981170654e-01,-4.733844846487045288e-02,-5.819280073046684265e-02,2.061147801578044891e-02,-7.393550276756286621e-01,-6.733157634735107422e-01,-4.119634255766868591e-02,-4.119634255766868591e-02,3.806477040052413940e-02,2.347009181976318359e+00,1.347009181976318359e+00,-5.119634047150611877e-02,-5.119634047150611877e-02,1.745329238474369049e-02,1.322009086608886719e+00,6.095091700553894043e-01,-5.619634315371513367e-02,-4.869634285569190979e-02,0.000000000000000000e+00,9.135481834411621094e+00,1.046138191223144531e+01,2.000944375991821289e+00,6.605722941458225250e-03,1.804658770561218262e-02,3.366154432296752930e+00,5.000000074505805969e-02,2.196554988622665405e-01,1.532803773880004883e-01,-3.059506416320800781e-01,2.782804369926452637e-01,1.748923659324645996e-01,3.563002645969390869e-01,1.106321960687637329e-01,1.340313106775283813e-01,-1.102003678679466248e-01,4.780863523483276367e-01
1.619396686553955078e+00,7.556482553482055664e-01,-9.095485508441925049e-02,-7.089749723672866821e-02,-7.799823582172393799e-02,-6.629499606788158417e-03,-6.456087231636047363e-01,-7.636683583259582520e-01,-6.535049527883529663e-02,-6.136463955044746399e-02,1.082379277795553207e-02,1.999473810195922852e+00,1.010786056518554688e+00,-7.535049319267272949e-02,-7.136464118957519531e-02,1.745329238474369049e-02,9.494738578796386719e-01,2.857860326766967773e-01,-8.035048842430114746e-02,-6.886464357376098633e-02,0.000000000000000000e+00,5.947521209716796875e+00,4.317329883575439453e+00,8.435418605804443359e-01,1.963694114238023758e-03,1.937836036086082458e-02,1.525502204895019531e+00,5.000000074505805969e-02,4.458790421485900879e-01,5.567529797554016113e-01,-2.600010633468627930e-01,1.487396359443664551e-01,-3.298074007034301758e-02,2.816073298454284668e-01,3.294150233268737793e-01,2.578516602516174316e-01,5.681031197309494019e-02,2.382522672414779663e-01
1.346534013748168945e+00,3.621666133403778076e-01,-1.761776804924011230e-01,-4.128121212124824524e-02,-6.707586348056793213e-02,-2.547076158225536346e-02,-6.440466642379760742e-01,-7.649861574172973633e-01,-3.629542142152786255e-02,-5.085561424493789673e-02,-8.017468266189098358e-03,1.702928185462951660e+00,6.494594812393188477e-01,-4.629541933536529541e-02,-6.085561215877532959e-02,1.745329238474369049e-02,6.279281973838806152e-01,-6.304053962230682373e-02,-5.129541829228401184e-02,-5.835561454296112061e-02,0.000000000000000000e+00,3.597594499588012695e+00,1.153964042663574219e+00,2.405618727207183838e-01,6.096349097788333893e-03,1.943123526871204376e-02,1.317329764366149902e+00,5.000000074505805969e-02,3.372096121311187744e-01,-9.384695440530776978e-02,-3.908806443214416504e-01,3.368947505950927734e-01,5.188754200935363770e-02,1.472832262516021729e-01,8.046048283576965332e-01,5.311074256896972656e-01,4.804019331932067871e-01,-7.242855429649353027e-02
1.161850810050964355e+00,9.212390333414077759e-02,-3.304549455642700195e-01,-3.709848970174789429e-02,-4.673327505588531494e-02,-4.023485630750656128e-02,-6.938251852989196777e-01,-7.201434373855590820e-01,-3.263574466109275818e-02,-3.097371198236942291e-02,-2.278156392276287079e-02,1.491849660873413086e+00,4.093853235244750977e-01,-4.263574630022048950e-02,-4.097371175885200500e-02,1.745329238474369049e-02,3.918496072292327881e-01,-2.906146943569183350e-01,-4.763574525713920593e-02,-3.847371041774749756e-02,0.000000000000000000e+00,2.312403678894042969e+00,2.871985435485839844e-01,4.850725457072257996e-02,7.975537329912185669e-03,1.897651515901088715e-02,1.244685411453247070e+00,5.000000074505805969e-02,3.358597755432128906e-01,-3.197810053825378418e-02,-2.565988302230834961e-01,2.308672070503234863e-01,2.464337050914764404e-01,1.251069754362106323e-01,9.089756608009338379e-01,8.018337488174438477e-01,6.366092562675476074e-01,-1.541942656040191650e-01
9.602422714233398438e-01,-8.101905882358551025e-02,-5.272910594940185547e-01,-4.268191382288932800e-02,-2.079245075583457947e-02,-3.300474211573600769e-02,-7.684125900268554688e-01,-6.399548053741455078e-01,-3.870008140802383423e-02,-5.537406541407108307e-03,-1.555144973099231720e-02,1.261334180831909180e+00,2.637963593006134033e-01,-4.870007932186126709e-02,-1.553740631788969040e-02,1.745329238474369049e-02,1.363341659307479858e-01,-4.237036406993865967e-01,-5.370007827877998352e-02,-1.303740683943033218e-02,0.000000000000000000e+00,1.298342347145080566e+00,7.145359367132186890e-02,2.307602390646934509e-02,8.471640758216381073e-03,1.925366744399070740e-02,1.064259529113769531e+00,5.000000074505805969e-02,4.940434098243713379e-01,8.708079904317855835e-02,-1.321170032024383545e-01,3.237062692642211914e-02,3.248233199119567871e-01,1.709268540143966675e-01,9.380444288253784180e-01,9.746823906898498535e-01,6.639934778213500977e-01,-3.287206590175628662e-01
7.152746319770812988e-01,-9.592357277870178223e-02,-6.182636618614196777e-01,-4.725997149944305420e-02,1.709535159170627594e-02,4.826363176107406616e-03,-7.707790732383728027e-01,-6.371025443077087402e-01,-4.371324181556701660e-02,3.180588409304618835e-02,2.227965556085109711e-02,9.851681590080261230e-01,2.738216221332550049e-01,-5.371323972940444946e-02,2.180588245391845703e-02,1.745329238474369049e-02,-1.648318618535995483e-01,-4.011783897876739502e-01,-5.871324241161346436e-02,2.430588193237781525e-02,0.000000000000000000e+00,4.471066296100616455e-01,1.738041266798973083e-02,1.615183800458908081e-02,7.077538408339023590e-03,1.899913139641284943e-02,5.337028503417968750e-01,5.000000074505805969e-02,6.988412141799926758e-01,2.286499440670013428e-01,2.021581232547760010e-01,-1.757319271564483643e-02,2.719263136386871338e-01,2.035670280456542969e-01,7.619183063507080078e-01,1.094384431838989258e+00,5.938365459442138672e-01,-3.950944542884826660e-01
5.226802825927734375e-01,4.742841050028800964e-02,-4.611328244209289551e-01,-2.778151258826255798e-02,2.941874600946903229e-02,4.347572103142738342e-02,-5.937133431434631348e-01,-8.046765923500061035e-01,-2.462077699601650238e-02,4.354891180992126465e-02,6.092901527881622314e-02,7.593213319778442383e-01,4.392893612384796143e-01,-3.462077677249908447e-02,3.354891017079353333e-02,1.745329238474369049e-02,-4.156786501407623291e-01,-2.232106328010559082e-01,-3.962077572941780090e-02,3.604891151189804077e-02,0.000000000000000000e+00,6.511290371417999268e-02,2.039573788642883301e-01,8.347705937922000885e-03,7.497309707105159760e-03,1.578317023813724518e-02,2.169907540082931519e-01,5.000000074505805969e-02,1.099846005439758301e+00,3.751570880413055420e-01,8.021664619445800781e-01,2.203194499015808105e-01,4.471282660961151123e-02,-1.777476817369461060e-01,6.502365469932556152e-01,6.441053152084350586e-01,-5.930032581090927124e-02,-3.828096985816955566e-01
4.162607192993164062e-01,1.788175255060195923e-01,-2.598551809787750244e-01,-1.819283515214920044e-02,2.195928245782852173e-02,3.461022675037384033e-02,-3.401925563812255859e-01,-9.403557777404785156e-01,-1.536604203283786774e-02,3.547764942049980164e-02,5.206352099776268005e-02,6.178483366966247559e-01,5.898119807243347168e-01,-2.536604180932044983e-02,2.547765150666236877e-02,1.745329238474369049e-02,-5.821516513824462891e-01,-6.018803268671035767e-02,-3.036604262888431549e-02,2.797765098512172699e-02,0.000000000000000000e+00,9.847368113696575165e-03,8.524778485298156738e-01,2.999547636136412621e-03,8.505221456289291382e-03,1.678490452468395233e-02,1.934926062822341919e-01,5.000000074505805969e-02,9.764752388000488281e-01,3.550159633159637451e-01,6.255280971527099609e-01,6.376486271619796753e-02,1.412855535745620728e-01,-2.821726202964782715e-01,6.291989684104919434e-01,6.683239936828613281e-01,-1.353953033685684204e-01,-4.817342758178710938e-01
3.292993307113647461e-01,2.637532055377960205e-01,-1.221528202295303345e-01,-1.794883981347084045e-02,1.073260512202978134e-02,1.712601631879806519e-02,-1.218492686748504639e-01,-9.925486445426940918e-01,-1.540139596909284592e-02,2.361239865422248840e-02,3.457930684089660645e-02,4.942993521690368652e-01,6.907532215118408203e-01,-2.540139667689800262e-02,1.361239887773990631e-02,1.745329238474369049e-02,-7.307006716728210449e-01,5.325321480631828308e-02,-3.040139563381671906e-02,1.611239835619926453e-02,0.000000000000000000e+00,5.789479613304138184e-02,1.902971029281616211e+00,2.132587833330035210e-03,9.205251932144165039e-03,1.829978637397289276e-02,1.571672558784484863e-01,2.582581341266632080e-02,7.499034404754638672e-01,1.890362203121185303e-01,4.330978095531463623e-01,-2.641275525093078613e-03,2.823370695114135742e-01,-2.078959494829177856e-01,5.003588795661926270e-01,5.413964986801147461e-01,-1.128426119685173035e-01,-3.570942580699920654e-01
2.398900538682937622e-01,2.927663624286651611e-01,-5.851781740784645081e-02,-1.767795905470848083e-02,2.365919062867760658e-03,9.475586935877799988e-03,2.874468453228473663e-02,-9.995867609977722168e-01,-1.535314600914716721e-02,1.458522118628025055e-02,2.692887932062149048e-02,3.670466840267181396e-01,7.325221896171569824e-01,-2.535314485430717468e-02,4.585220944136381149e-03,1.745329238474369049e-02,-8.829533457756042480e-01,1.075222045183181763e-01,-3.035314567387104034e-02,7.085220888257026672e-03,0.000000000000000000e+00,9.976041316986083984e-02,3.278894424438476562e+00,8.073606528341770172e-03,9.551552124321460724e-03,1.877035014331340790e-02,1.121367812156677246e-01,0.000000000000000000e+00,5.757591724395751953e-01,9.828953444957733154e-02,3.151467442512512207e-01,1.075212284922599792e-01,7.236614823341369629e-02,-2.484971731901168823e-01,2.986373603343963623e-01,1.829816102981567383e-01,-5.853748321533203125e-01,-1.097390502691268921e-01
1.554882079362869263e-01,2.928690016269683838e-01,-3.136966004967689514e-02,-1.575297303497791290e-02,-2.116707153618335724e-03,4.373063798993825912e-03,1.426747292280197144e-01,-9.897696375846862793e-01,-1.359237823635339737e-02,9.425212629139423370e-03,2.182635664939880371e-02,2.438337206840515137e-01,7.420338392257690430e-01,-2.359237708151340485e-02,-5.747870891354978085e-04,1.745329238474369049e-02,-1.031166315078735352e+00,1.295338571071624756e-01,-2.859237790107727051e-02,1.925212913192808628e-03,0.000000000000000000e+00,1.108032688498497009e-01,4.841443538665771484e+00,1.659700833261013031e-02,9.726412594318389893e-03,1.901912502944469452e-02,8.223824948072433472e-02,0.000000000000000000e+00,4.888415336608886719e-01,1.450569629669189453e-01,2.052418887615203857e-01,5.476498603820800781e-02,3.469422459602355957e-02,-2.243460863828659058e-01,1.856178343296051025e-01,-4.774981737136840820e-02,-7.041114568710327148e-01,-2.612240239977836609e-02
8.450284600257873535e-02,2.737741470336914062e-01,-1.951710507273674011e-02,-1.252442877739667892e-02,-5.312948953360319138e-03,2.808794146403670311e-03,2.399188727140426636e-01,-9.707929491996765137e-01,-1.046838983893394470e-02,5.539854057133197784e-03,2.026208676397800446e-02,1.333648711442947388e-01,7.289296388626098633e-01,-2.046838961541652679e-02,-4.460145719349384308e-03,1.745329238474369049e-02,-1.166635155677795410e+00,1.289296299219131470e-01,-2.546839043498039246e-02,-1.960145775228738785e-03,0.000000000000000000e+00,1.233064010739326477e-01,6.450840473175048828e+00,2.158998884260654449e-02,9.859723038971424103e-03,1.908496208488941193e-02,5.860853567719459534e-02,0.000000000000000000e+00,4.099415242671966553e-01,1.557512581348419189e-01,1.512923240661621094e-01,4.444329440593719482e-02,1.085273027420043945e-01,-2.194419801235198975e-01,1.275400370359420776e-01,-1.321305483579635620e-01,-7.734327912330627441e-01,2.180378884077072144e-02
3.068163059651851654e-02,2.421402633190155029e-01,-1.430367119610309601e-02,-9.031230583786964417e-03,-7.066245656460523605e-03,2.491787774488329887e-03,3.285445570945739746e-01,-9.444884657859802246e-01,-7.019289769232273102e-03,3.090950427576899529e-03,1.994507946074008942e-02,3.968831151723861694e-02,6.998223066329956055e-01,-1.701929047703742981e-02,-6.909049581736326218e-03,1.745329238474369049e-02,-1.285311698913574219e+00,1.123223304748535156e-01,-2.201928943395614624e-02,-4.409049637615680695e-03,0.000000000000000000e+00,1.354068368673324585e-01,8.002933502197265625e+00,2.224186994135379791e-02,9.941175580024719238e-03,1.909770816564559937e-02,4.045011848211288452e-02,0.000000000000000000e+00,3.487211763858795166e-01,1.709746569395065308e-01,1.215613707900047302e-01,9.248296171426773071e-02,2.342971414327621460e-01,-2.128047198057174683e-01,1.346078366041183472e-01,-1.694908589124679565e-01,-7.822332978248596191e-01,4.814151301980018616e-02
-6.524465512484312057e-03,2.047528922557830811e-01,-1.150935795158147812e-02,-5.974803119897842407e-03,-7.659371942281723022e-03,-1.729360199533402920e-03,4.121594727039337158e-01,-9.111117124557495117e-01,-3.946166019886732101e-03,1.801020815037190914e-03,1.572393253445625305e-02,-3.744167834520339966e-02,6.614783406257629395e-01,-1.394616626203060150e-02,-8.198979310691356659e-03,1.745329238474369049e-02,-1.387441635131835938e+00,8.647832274436950684e-02,-1.894616521894931793e-02,-5.698978900909423828e-03,0.000000000000000000e+00,1.483817547559738159e-01,9.451449394226074219e+00,2.011862397193908691e-02,9.981184266507625580e-03,1.924827322363853455e-02,2.749084867537021637e-02,0.000000000000000000e+00,2.698321044445037842e-01,1.974424123764038086e-01,8.350432664155960083e-02,1.114810928702354431e-01,2.995684444904327393e-01,-2.406068891286849976e-01,1.582364886999130249e-01,-2.024048715829849243e-01,-7.592633962631225586e-01,4.690453037619590759e-02
-3.034077771008014679e-02,1.672946214675903320e-01,-1.120393164455890656e-02,-3.688271623104810715e-03,-7.197779603302478790e-03,9.986071381717920303e-04,4.902659356594085693e-01,-8.715729117393493652e-01,-1.582270953804254532e-03,1.569916610606014729e-03,1.845189929008483887e-02,-1.009465828537940979e-01,6.195874810218811035e-01,-1.158227119594812393e-02,-8.430083282291889191e-03,1.745329238474369049e-02,-1.475946545600891113e+00,5.708746612071990967e-02,-1.658227108418941498e-02,-5.930083338171243668e-03,0.000000000000000000e+00,1.680056154727935791e-01,1.079922866821289062e+01,1.714695803821086884e-02,9.995032101869583130e-03,1.915504224598407745e-02,1.818309165537357330e-02,0.000000000000000000e+00,1.348465085029602051e-01,1.366202980279922485e-01,7.395185530185699463e-03,2.325249910354614258e-01,3.552801609039306641e-01,-2.132362276315689087e-01,2.590730786323547363e-01,-1.923190504312515259e-01,-6.282276511192321777e-01,-1.251215338706970215e-01
-4.422776773571968079e-02,1.326555907726287842e-01,-9.862703271210193634e-03,-1.922511961311101913e-03,-6.712437141686677933e-03,1.063712290488183498e-03,5.654696226119995117e-01,-8.247691392898559570e-01,3.209301212336868048e-04,1.371940830722451210e-03,1.851700432598590851e-02,-1.539848148822784424e-01,5.770736336708068848e-01,-9.679069742560386658e-03,-8.628059178590774536e-03,1.745329238474369049e-02,-1.553984761238098145e+00,2.707363292574882507e-02,-1.467906963080167770e-02,-6.128059234470129013e-03,0.000000000000000000e+00,1.980704814195632935e-01,1.206436920166015625e+01,1.407419238239526749e-02,9.998015128076076508e-03,1.915263570845127106e-02,1.165585219860076904e-02,0.000000000000000000e+00,5.093029141426086426e-02,1.096581444144248962e-01,-3.038415312767028809e-02,3.036478757858276367e-01,3.927944302558898926e-01,-2.227596491575241089e-01,3.148066401481628418e-01,-1.626756340265274048e-01,-5.512481927871704102e-01,-2.211426943540573120e-01
-4.995873942971229553e-02,9.961776435375213623e-02,-5.193077493458986282e-03,-4.013036959804594517e-04,-6.549636367708444595e-03,8.631058735772967339e-04,6.388008594512939453e-01,-7.693721652030944824e-01,2.038611797615885735e-03,8.660027524456381798e-04,1.831639930605888367e-02,-1.980317085981369019e-01,5.327786803245544434e-01,-7.961387746036052704e-03,-9.133997373282909393e-03,1.745329238474369049e-02,-1.623031735420227051e+00,-4.721304867416620255e-03,-1.296138856559991837e-02,-6.633997429162263870e-03,0.000000000000000000e+00,2.294532805681228638e-01,1.324691295623779297e+01,1.093650795519351959e-02,9.995094500482082367e-03,1.916002482175827026e-02,6.380752660334110260e-03,0.000000000000000000e+00,9.650379419326782227e-03,1.031132936477661133e-01,-3.812356665730476379e-02,3.559538722038269043e-01,4.401572942733764648e-01,-2.500554621219635010e-01,3.346682488918304443e-01,-1.193247437477111816e-01,-5.130857825279235840e-01,-2.585200965404510498e-01
-4.868759587407112122e-02,6.696639209985733032e-02,-4.860513377934694290e-03,8.682420011609792709e-04,-6.526112090796232224e-03,-1.165108755230903625e-03,7.036615610122680664e-01,-7.105352878570556641e-01,3.562167752534151077e-03,2.404564147582277656e-04,1.628818362951278687e-02,-2.339495718479156494e-01,4.855736196041107178e-01,-6.437832023948431015e-03,-9.759543463587760925e-03,1.745329238474369049e-02,-1.683949589729309082e+00,-3.942639008164405823e-02,-1.143783237785100937e-02,-7.259543519467115402e-03,0.000000000000000000e+00,2.531182765960693359e-01,1.434473037719726562e+01,8.126401342451572418e-03,9.987252764403820038e-03,1.923020929098129272e-02,2.804179675877094269e-03,0.000000000000000000e+00,-1.200875639915466309e-02,1.145156621932983398e-01,-2.912267297506332397e-02,3.626731336116790771e-01,4.742287397384643555e-01,-2.920193672180175781e-01,3.292878568172454834e-01,-7.887482643127441406e-02,-4.903456866741180420e-01,-2.386876195669174194e-01
7.730000019073486328e-01,-2.349999994039535522e-01,-3.253149986267089844e-01,1.219948288053274155e-02,2.363139018416404724e-02,4.363323003053665161e-02,-9.475501179695129395e-01,3.196072578430175781e-01,0.000000000000000000e+00,0.000000000000000000e+00,0.000000000000000000e+00,1.200000047683715820e+00,-4.000000059604644775e-01,4.999999888241291046e-03,4.999999888241291046e-03,-4.363323003053665161e-02,6.999999880790710449e-01,5.500000119209289551e-01,9.999999776482582092e-03,9.999999776482582092e-03,0.000000000000000000e+00,1.214532852172851562e+00,3.286100625991821289e+00,3.315190076828002930e-01,9.999999776482582092e-03,1.949551515281200409e-02,7.287718653678894043e-01,5.000000074505805969e-02,2.927680313587188721e-01,-3.567467033863067627e-01,-1.631921231746673584e-01,4.942142367362976074e-01,3.870756030082702637e-01,-4.253886342048645020e-01,6.975068449974060059e-01,4.289927482604980469e-01,2.067312300205230713e-01,1.871060281991958618e-01
7.773652076721191406e-01,-1.538128852844238281e-01,-1.406444907188415527e-01,-1.660131104290485382e-02,2.437417767941951752e-02,2.092430926859378815e-02,-9.363151192665100098e-01,3.511608839035034180e-01,-3.266270831227302551e-02,2.742679324001073837e-03,-2.270892262458801270e-02,1.158531069755554199e+00,-4.073214530944824219e-01,-2.766270749270915985e-02,7.742679212242364883e-03,-4.363323003053665161e-02,6.835311055183410645e-01,5.676785707473754883e-01,-2.266270853579044342e-02,1.274267956614494324e-02,0.000000000000000000e+00,1.158109068870544434e+00,3.269733190536499023e+00,3.012311458587646484e-01,8.925625123083591461e-03,1.897981949150562286e-02,4.596402943134307861e-01,3.594768047332763672e-02,5.047168731689453125e-01,-8.971639722585678101e-02,1.016402915120124817e-01,3.260454535484313965e-01,2.902576923370361328e-01,-2.265173494815826416e-01,4.713382124900817871e-01,4.923561215400695801e-01,8.718869835138320923e-02,2.045741081237792969e-01
6.260234713554382324e-01,-1.053740978240966797e-01,-5.938305705785751343e-02,-3.317005932331085205e-02,-3.174612764269113541e-03,9.748289361596107483e-03,-8.796286582946777344e-01,4.756610393524169922e-01,-5.256897211074829102e-02,-2.201775275170803070e-02,-3.388494253158569336e-02,9.432848691940307617e-01,-4.353728890419006348e-01,-4.756897315382957458e-02,-1.701775379478931427e-02,-4.363323003053665161e-02,4.932848811149597168e-01,5.646271109580993652e-01,-4.256897047162055969e-02,-1.201775297522544861e-02,0.000000000000000000e+00,7.558570504188537598e-01,2.040204286575317383e+00,1.723157316446304321e-01,6.751721724867820740e-03,1.834732480347156525e-02,1.978132426738739014e-01,0.000000000000000000e+00,1.612758189439773560e-01,3.131980001926422119e-01,-1.143119335174560547e-01,-1.989057660102844238e-02,5.317953601479530334e-02,-1.062590181827545166e-01,3.837386965751647949e-01,6.411627531051635742e-01,-1.940406858921051025e-01,4.856868386268615723e-01
4.780335426330566406e-01,-1.178919821977615356e-01,-2.052408829331398010e-02,-2.602035738527774811e-02,-1.932459999807178974e-03,6.026712711900472641e-03,-7.806928753852844238e-01,6.249149441719055176e-01,-4.807416349649429321e-02,-1.733096688985824585e-02,-3.760651871562004089e-02,7.163497805595397949e-01,-5.087364315986633301e-01,-4.307416453957557678e-02,-1.233096793293952942e-02,-4.363323003053665161e-02,2.913497686386108398e-01,5.162636041641235352e-01,-3.807416185736656189e-02,-7.330967579036951065e-03,0.000000000000000000e+00,4.273549616336822510e-01,9.005558490753173828e-01,9.569428861141204834e-02,7.388512603938579559e-03,1.808126457035541534e-02,1.206382438540458679e-01,0.000000000000000000e+00,2.339085340499877930e-01,3.319241106510162354e-01,6.659062951803207397e-02,2.314078807830810547e-02,1.499439030885696411e-01,-5.502665415406227112e-02,3.415120840072631836e-01,5.913417935371398926e-01,-2.550691366195678711e-01,3.708600699901580811e-01
3.651593625545501709e-01,-1.334308087825775146e-01,-2.042953623458743095e-03,-1.998338475823402405e-02,-4.801398608833551407e-03,1.159587991423904896e-03,-6.412212848663330078e-01,7.673560380935668945e-01,-4.388359561562538147e-02,-1.626230031251907349e-02,-4.247364401817321777e-02,5.132323503494262695e-01,-5.665917396545410156e-01,-3.888359665870666504e-02,-1.126230042427778244e-02,-4.363323003053665161e-02,1.132323518395423889e-01,4.834082424640655518e-01,-3.388359770178794861e-02,-6.262301001697778702e-03,0.000000000000000000e+00,2.282588481903076172e-01,3.331806659698486328e-01,5.559275299310684204e-02,7.809767499566078186e-03,1.769150421023368835e-02,8.649772405624389648e-02,0.000000000000000000e+00,2.907271981239318848e-01,3.682735562324523926e-01,2.049503624439239502e-01,8.773396909236907959e-02,1.874591112136840820e-01,1.052122414112091064e-01,2.682734131813049316e-01,4.501838684082031250e-01,-3.303695619106292725e-01,3.794382810592651367e-01
2.524588704109191895e-01,-1.703357398509979248e-01,5.630225408822298050e-03,-2.686217427253723145e-02,-8.462968282401561737e-03,4.414122377056628466e-04,-4.667353332042694092e-01,8.843970298767089844e-01,-5.171277001500129700e-02,-1.567996665835380554e-02,-4.319182038307189941e-02,3.032687306404113770e-01,-6.252778768539428711e-01,-4.671277105808258057e-02,-1.067996677011251450e-02,-4.363323003053665161e-02,-7.173125445842742920e-02,4.497221112251281738e-01,-4.171277210116386414e-02,-5.679966881871223450e-03,0.000000000000000000e+00,1.539361476898193359e-01,1.216622367501258850e-01,4.203486815094947815e-02,7.079927716404199600e-03,1.762998104095458984e-02,5.729284137487411499e-02,0.000000000000000000e+00,2.933675348758697510e-01,4.073558449745178223e-01,2.068774104118347168e-01,5.199121683835983276e-02,-1.455153971910476685e-01,1.033689975738525391e-01,2.530888020992279053e-01,3.712939023971557617e-01,-6.255933046340942383e-01,3.383861780166625977e-01
1.351475715637207031e-01,-1.872109472751617432e-01,1.990488544106483459e-02,-1.979243382811546326e-02,8.954427321441471577e-04,9.422829025425016880e-04,-2.779931426048278809e-01,9.605830311775207520e-01,-4.465233907103538513e-02,-1.972549129277467728e-03,-4.269094765186309814e-02,8.628553897142410278e-02,-6.423664093017578125e-01,-3.965234011411666870e-02,3.027450991794466972e-03,-4.363323003053665161e-02,-2.637144625186920166e-01,4.576335847377777100e-01,-3.465233743190765381e-02,8.027451112866401672e-03,0.000000000000000000e+00,1.334388703107833862e-01,5.087820887565612793e-01,3.372522071003913879e-02,8.002277463674545288e-03,1.767299696803092957e-02,3.398713842034339905e-02,0.000000000000000000e+00,2.891754508018493652e-01,3.888399004936218262e-01,2.486031353473663330e-01,9.250011295080184937e-02,7.798156142234802246e-02,3.453132808208465576e-01,1.879559159278869629e-01,3.407953679561614990e-01,-4.246332943439483643e-01,3.152185976505279541e-01
5.301293730735778809e-02,-1.673384457826614380e-01,1.313502434641122818e-02,-1.321614813059568405e-02,6.192836444824934006e-03,4.691177455242723227e-04,-5.673776939511299133e-02,9.983891248703002930e-01,-3.714384138584136963e-02,7.572777569293975830e-03,-4.316411539912223816e-02,-9.320454299449920654e-02,-6.011292338371276855e-01,-3.214384242892265320e-02,1.257277745753526688e-02,-4.363323003053665161e-02,-4.182045459747314453e-01,5.238707661628723145e-01,-2.714384160935878754e-02,1.757277734577655792e-02,0.000000000000000000e+00,1.212485507130622864e-01,1.430154800415039062e+00,2.407096698880195618e-02,8.562987670302391052e-03,1.763237453997135162e-02,1.789244450628757477e-02,0.000000000000000000e+00,4.158409237861633301e-01,4.963362514972686768e-01,2.501182556152343750e-01,5.131079554557800293e-01,4.745621085166931152e-01,5.595510005950927734e-01,2.340484261512756348e-01,1.956383585929870605e-01,-3.628259152173995972e-02,4.954263269901275635e-01
5.078438553027808666e-04,-1.298922151327133179e-01,4.134754184633493423e-03,-7.974869571626186371e-03,8.865678682923316956e-03,-1.201272010803222656e-03,1.695747673511505127e-01,9.855173230171203613e-01,-3.007302992045879364e-02,1.419109199196100235e-02,-4.483450204133987427e-02,-2.361332029104232788e-01,-5.217531919479370117e-01,-2.507302910089492798e-02,1.919109188020229340e-02,-4.363323003053665161e-02,-5.361332297325134277e-01,6.282468438148498535e-01,-2.007302828133106232e-02,2.419109269976615906e-02,0.000000000000000000e+00,1.124166771769523621e-01,2.689198970794677734e+00,1.626042649149894714e-02,8.894225582480430603e-03,1.748538203537464142e-02,8.133252151310443878e-03,0.000000000000000000e+00,4.223952293395996094e-01,5.315682888031005859e-01,4.408853948116302490e-01,6.036125421524047852e-01,3.262724876403808594e-01,4.048174917697906494e-01,1.843425333499908447e-01,-3.190894424915313721e-02,-1.667616069316864014e-01,4.961871504783630371e-01
-2.874200977385044098e-02,-8.399567008018493652e-02,-2.054431289434432983e-02,-3.324422053992748260e-03,8.892884477972984314e-03,-1.020916830748319626e-02,4.015818238258361816e-01,9.158231616020202637e-01,-2.278245799243450165e-02,1.767426356673240662e-02,-5.384239926934242249e-02,-3.445879518985748291e-01,-4.153494536876678467e-01,-1.778245903551578522e-02,2.267426438629627228e-02,-4.363323003053665161e-02,-6.195879578590393066e-01,7.596505284309387207e-01,-1.278245914727449417e-02,2.767426334321498871e-02,0.000000000000000000e+00,1.009055227041244507e-01,4.197177886962890625e+00,1.031399983912706375e-02,9.168580174446105957e-03,1.659651100635528564e-02,1.000041235238313675e-02,0.000000000000000000e+00,5.677445530891418457e-01,5.362044572830200195e-01,4.302198588848114014e-01,5.700255036354064941e-01,1.516076922416687012e-01,2.219785898923873901e-01,2.383346855640411377e-02,-1.143341362476348877e-01,-3.748087286949157715e-01,5.368336439132690430e-01
-1.126999974250793457e+00,1.965000033378601074e+00,1.982393741607666016e+00,6.803101277910172939e-04,-1.617883332073688507e-02,-2.617993950843811035e-02,4.000738263130187988e-01,-9.164829254150390625e-01,0.000000000000000000e+00,0.000000000000000000e+00,0.000000000000000000e+00,-6.999999880790710449e-01,1.799999952316284180e+00,4.999999888241291046e-03,-4.999999888241291046e-03,2.617993950843811035e-02,-5.000000000000000000e-01,8.000000119209289551e-01,1.499999966472387314e-02,0.000000000000000000e+00,0.000000000000000000e+00,4.162629604339599609e+00,3.813412666320800781e+00,1.642908096313476562e+00,9.999999776482582092e-03,1.949551515281200409e-02,8.081868171691894531e+00,5.000000074505805969e-02,-3.953234851360321045e-01,-1.796722710132598877e-01,-4.105861783027648926e-01,3.113281726837158203e-02,-2.600940465927124023e-01,3.535587191581726074e-01,2.952360510826110840e-01,1.769860982894897461e-01,-4.898681640625000000e-01,-1.396829187870025635e-01
-1.016892910003662109e+00,1.905619978904724121e+00,1.687704205513000488e+00,4.337273910641670227e-02,-1.103964727371931076e-02,-6.900941580533981323e-02,2.452791482210159302e-01,-9.694525003433227539e-01,4.119634255766868591e-02,5.607382394373416901e-03,-4.282948002219200134e-02,-5.720091462135314941e-01,1.797766327857971191e+00,4.619634151458740234e-02,6.073825061321258545e-04,2.617993950843811035e-02,-3.220091462135314941e-01,8.227663040161132812e-01,5.619634315371513367e-02,5.607382394373416901e-03,0.000000000000000000e+00,3.926170349121093750e+00,3.221926689147949219e+00,1.387355923652648926e+00,8.271418511867523193e-03,1.766115054488182068e-02,5.578034400939941406e+00,5.000000074505805969e-02,-1.249945461750030518e-01,-2.566042840480804443e-01,-1.942137628793716431e-01,1.217599213123321533e-01,-5.968730449676513672e-01,1.148464344441890717e-02,1.263625174760818481e-01,-2.214936465024948120e-01,-5.534596443176269531e-01,-2.625100016593933105e-01
-6.931920647621154785e-01,1.819007277488708496e+00,1.323126912117004395e+00,8.611347526311874390e-02,-3.238413855433464050e-02,-6.382261216640472412e-02,1.412955857813358307e-02,-9.999001622200012207e-01,8.239268511533737183e-02,-1.546819694340229034e-02,-3.764266893267631531e-02,-2.380365878343582153e-01,1.770145297050476074e+00,8.739268034696578979e-02,-2.046819590032100677e-02,2.617993950843811035e-02,6.196341663599014282e-02,8.201452493667602539e-01,9.739268571138381958e-02,-1.546819694340229034e-02,0.000000000000000000e+00,3.415329694747924805e+00,2.658613920211791992e+00,1.021529078483581543e+00,2.972180489450693130e-03,1.807854510843753815e-02,3.554774045944213867e+00,5.000000074505805969e-02,3.295588493347167969e-02,-1.914432048797607422e-01,-7.290620803833007812e-01,1.031031012535095215e-01,-5.868363380432128906e-01,1.324835605919361115e-02,1.963378489017486572e-01,-3.834057450294494629e-01,-6.186810135841369629e-02,-1.789129674434661865e-01
-2.377247363328933716e-01,1.612054944038391113e+00,1.044926881790161133e+00,8.455249667167663574e-02,-4.350927472114562988e-02,-5.621305108070373535e-02,-1.327770799398422241e-01,-9.911459088325500488e-01,7.926541566848754883e-02,-2.652830444276332855e-02,-3.003311157226562500e-02,2.199145853519439697e-01,1.623020648956298828e+00,8.426541835069656372e-02,-3.152830526232719421e-02,2.617993950843811035e-02,5.699145793914794922e-01,6.980206966400146484e-01,9.426541626453399658e-02,-2.652830444276332855e-02,0.000000000000000000e+00,2.712883710861206055e+00,3.391755104064941406e+00,8.534762263298034668e-01,3.013242501765489578e-03,1.859352737665176392e-02,2.398644685745239258e+00,5.000000074505805969e-02,8.812789618968963623e-02,3.295964002609252930e-02,-6.797312498092651367e-01,1.205080971121788025e-01,-7.410731911659240723e-01,-1.784098595380783081e-01,2.331411242485046387e-01,-5.912048220634460449e-01,-9.072928130626678467e-02,-2.944738864898681641e-01
1.380729675292968750e-01,1.384592294692993164e+00,7.431341409683227539e-01,6.437543034553527832e-02,-4.789164662361145020e-02,-6.535842269659042358e-02,-2.993997037410736084e-01,-9.541277885437011719e-01,5.752697587013244629e-02,-3.105064667761325836e-02,-3.917848318815231323e-02,5.903658270835876465e-01,1.455198049545288086e+00,6.252697110176086426e-02,-3.605064749717712402e-02,2.617993950843811035e-02,9.903658032417297363e-01,5.551980733871459961e-01,7.252697646617889404e-02,-3.105064667761325836e-02,0.000000000000000000e+00,2.413333177566528320e+00,5.971710681915283203e+00,7.219160199165344238e-01,5.726504605263471603e-03,1.796056143939495087e-02,1.602047562599182129e+00,5.000000074505805969e-02,2.115070819854736328e-03,1.775357499718666077e-02,-7.388562560081481934e-01,-6.350398063659667969e-02,-4.920473694801330566e-01,-5.401579737663269043e-01,2.000743448734283447e-01,-7.092996835708618164e-01,-6.567355990409851074e-02,-2.431543618440628052e-01
4.119140207767486572e-01,1.139809131622314453e+00,4.021825194358825684e-01,4.676029831171035767e-02,-4.958274215459823608e-02,-6.331723183393478394e-02,-4.917647540569305420e-01,-8.707280755043029785e-01,3.838209435343742371e-02,-3.308431431651115417e-02,-3.713729232549667358e-02,8.511215448379516602e-01,1.268846869468688965e+00,4.338209703564643860e-02,-3.808431699872016907e-02,2.617993950843811035e-02,1.301121473312377930e+00,3.938468992710113525e-01,5.338209494948387146e-02,-3.308431431651115417e-02,0.000000000000000000e+00,2.230976343154907227e+00,8.994768142700195312e+00,6.106249690055847168e-01,7.432242855429649353e-03,1.811633631587028503e-02,1.189509630203247070e+00,5.000000074505805969e-02,1.892242729663848877e-01,-7.764273136854171753e-02,-6.957104802131652832e-01,-1.697083711624145508e-01,-4.390169978141784668e-01,-4.977368712425231934e-01,4.137923568487167358e-02,-5.663284063339233398e-01,-6.336111575365066528e-02,-2.937651276588439941e-01
6.007621884346008301e-01,9.061825275421142578e-01,1.382563859224319458e-01,2.851221896708011627e-02,-4.181979596614837646e-02,-5.613046139478683472e-02,-6.029085516929626465e-01,-7.978103160858154297e-01,1.866207271814346313e-02,-2.586068399250507355e-02,-2.995052188634872437e-02,1.019369363784790039e+00,1.091444492340087891e+00,2.366207167506217957e-02,-3.086068294942378998e-02,2.617993950843811035e-02,1.519369363784790039e+00,2.414445281028747559e-01,3.366207331418991089e-02,-2.586068399250507355e-02,0.000000000000000000e+00,2.087010622024536133e+00,1.180031871795654297e+01,5.412323474884033203e-01,8.982951752841472626e-03,1.859848201274871826e-02,1.064513444900512695e+00,5.000000074505805969e-02,3.378710746765136719e-01,-1.171815320849418640e-01,-6.597923636436462402e-01,-1.488393247127532959e-01,-3.560710549354553223e-01,-3.405758738517761230e-01,1.292237341403961182e-01,-3.966019749641418457e-01,1.009391024708747864e-01,-2.069038003683090210e-01
7.017099261283874512e-01,7.311093807220458984e-01,-9.484910219907760620e-02,6.046294234693050385e-03,-2.685626782476902008e-02,-1.365533657371997833e-02,-6.811612248420715332e-01,-7.321334481239318848e-01,-5.192810669541358948e-03,-1.162398513406515121e-02,1.252460200339555740e-02,1.092554330825805664e+00,9.694256186485290527e-01,-1.928105484694242477e-04,-1.662398502230644226e-02,2.617993950843811035e-02,1.642554402351379395e+00,1.444256156682968140e-01,9.807188995182514191e-03,-1.162398513406515121e-02,0.000000000000000000e+00,2.164608716964721680e+00,1.370440006256103516e+01,4.922808110713958740e-01,9.837917983531951904e-03,1.933864876627922058e-02,9.007452130317687988e-01,2.107411250472068787e-02,5.074932575225830078e-01,-1.519243717193603516e-01,-2.827083766460418701e-01,-5.674837529659271240e-02,2.074970901012420654e-01,-4.945404082536697388e-02,3.757358193397521973e-01,-1.924832612276077271e-01,9.840466827154159546e-02,2.591392025351524353e-02
6.425817012786865234e-01,5.692682862281799316e-01,-6.954917311668395996e-02,-2.026794478297233582e-02,-4.122187197208404541e-02,6.909335963428020477e-03,-5.589740276336669922e-01,-8.291851878166198730e-01,-3.278925269842147827e-02,-2.689149416983127594e-02,3.308927640318870544e-02,9.989758729934692383e-01,8.565611243247985840e-01,-2.778925374150276184e-02,-3.189149498939514160e-02,2.617993950843811035e-02,1.598975896835327148e+00,5.656113848090171814e-02,-1.778925396502017975e-02,-2.689149416983127594e-02,0.000000000000000000e+00,1.896403193473815918e+00,1.284490585327148438e+01,3.060539662837982178e-01,8.201712742447853088e-03,1.840061508119106293e-02,3.758466243743896484e-01,0.000000000000000000e+00,4.104286134243011475e-01,4.183395951986312866e-02,-2.979339957237243652e-01,1.783050000667572021e-01,-2.392102628946304321e-01,1.595074981451034546e-01,1.652270853519439697e-01,2.392514199018478394e-01,-2.461595088243484497e-02,2.037371098995208740e-01
5.669677853584289551e-01,4.146076142787933350e-01,-8.714272826910018921e-02,-1.422163378447294235e-02,-2.245405130088329315e-02,-9.459338150918483734e-03,-4.616388678550720215e-01,-8.870679736137390137e-01,-2.789645642042160034e-02,-9.185222908854484558e-03,1.672060042619705200e-02,8.828137516975402832e-01,7.459614276885986328e-01,-2.289645560085773468e-02,-1.418522279709577560e-02,2.617993950843811035e-02,1.532813668251037598e+00,-2.903857640922069550e-02,-1.289645582437515259e-02,-9.185222908854484558e-03,0.000000000000000000e+00,1.461107373237609863e+00,1.171152591705322266e+01,1.399412155151367188e-01,9.137419052422046661e-03,1.921593584120273590e-02,3.310166597366333008e-01,0.000000000000000000e+00,5.471066236495971680e-01,4.723220318555831909e-02,-3.086081445217132568e-01,2.257050573825836182e-02,-2.249033004045486450e-01,-2.335685193538665771e-01,4.386095404624938965e-01,3.338346481323242188e-01,-1.071683019399642944e-01,1.244105026125907898e-02
4.423014223575592041e-01,3.432626128196716309e-01,-1.056882962584495544e-01,-3.346265852451324463e-02,-1.028250623494386673e-02,4.214048385620117188e-03,-3.592720031738281250e-01,-9.332329034805297852e-01,-4.814256727695465088e-02,1.783289131708443165e-03,3.039398789405822754e-02,7.121949195861816406e-01,7.130078077316284180e-01,-4.314256459474563599e-02,-3.216710872948169708e-03,2.617993950843811035e-02,1.412194967269897461e+00,-3.699221089482307434e-02,-3.314256668090820312e-02,1.783289131708443165e-03,0.000000000000000000e+00,1.056970715522766113e+00,9.793201446533203125e+00,7.161504030227661133e-02,7.679113186895847321e-03,1.857171952724456787e-02,1.440796554088592529e-01,0.000000000000000000e+00,6.980656385421752930e-01,4.211292862892150879e-01,-2.251462638378143311e-01,-5.876256525516510010e-02,-2.110961228609085083e-01,-8.420956879854202271e-02,3.156260848045349121e-01,3.019961118698120117e-01,-2.147164791822433472e-01,2.585849463939666748e-01
2.796228826045989990e-01,2.924120724201202393e-01,-7.878613471984863281e-02,-2.995082922279834747e-02,-1.064735837280750275e-02,6.225930992513895035e-03,-2.081526219844818115e-01,-9.780963659286499023e-01,-4.547019302845001221e-02,9.450629295315593481e-05,3.240586817264556885e-02,4.989459514617919922e-01,6.942222118377685547e-01,-4.047019407153129578e-02,-4.905493929982185364e-03,2.617993950843811035e-02,1.248945951461791992e+00,-3.077779710292816162e-02,-3.047019429504871368e-02,9.450629295315593481e-05,0.000000000000000000e+00,6.613476276397705078e-01,7.441391468048095703e+00,3.953054547309875488e-02,7.932452484965324402e-03,1.844537444412708282e-02,6.392508745193481445e-02,0.000000000000000000e+00,5.940210819244384766e-01,3.558267652988433838e-01,-1.511041074991226196e-01,-3.915680944919586182e-02,-1.523218303918838501e-01,-3.673266619443893433e-03,8.890716731548309326e-02,2.884018421173095703e-01,-4.191155731678009033e-01,2.072456628084182739e-01
1.521490514278411865e-01,2.338948398828506470e-01,-4.645332321524620056e-02,-2.126092463731765747e-02,-1.297151949256658554e-02,4.886116832494735718e-03,-4.643661901354789734e-02,-9.989212155342102051e-01,-3.743975609540939331e-02,-3.651829203590750694e-03,3.106605634093284607e-02,3.171490430831909180e-01,6.608948111534118652e-01,-3.243975713849067688e-02,-8.651829324662685394e-03,2.617993950843811035e-02,1.117149114608764648e+00,-3.910516202449798584e-02,-2.243975736200809479e-02,-3.651829203590750694e-03,0.000000000000000000e+00,3.873028755187988281e-01,5.757984161376953125e+00,2.329939231276512146e-02,8.584928698837757111e-03,1.853041537106037140e-02,2.525452338159084320e-02,0.000000000000000000e+00,6.533342003822326660e-01,3.134174346923828125e-01,6.379947066307067871e-03,-9.300008416175842285e-03,-2.319494932889938354e-01,-3.492037951946258545e-02,-6.092241406440734863e-02,2.025781869888305664e-01,-6.173639297485351562e-01,3.565569221973419189e-02
8.457586914300918579e-02,1.607923209667205811e-01,-4.515979439020156860e-02,-1.192061323672533035e-02,-1.145805511623620987e-02,-3.784064203500747681e-03,8.563488721847534180e-02,-9.963265657424926758e-01,-2.856764383614063263e-02,-3.634451422840356827e-03,2.239587530493736267e-02,1.924295872449874878e-01,6.056761145591735840e-01,-2.356764301657676697e-02,-8.634450845420360565e-03,2.617993950843811035e-02,1.042429566383361816e+00,-6.932390481233596802e-02,-1.356764324009418488e-02,-3.634451422840356827e-03,0.000000000000000000e+00,1.737245172262191772e-01,4.903002738952636719e+00,1.126395724713802338e-02,9.170680306851863861e-03,1.899394020438194275e-02,1.324800215661525726e-02,0.000000000000000000e+00,8.365176916122436523e-01,4.133199155330657959e-01,3.536224365234375000e-01,7.228852063417434692e-02,-1.961285322904586792e-01,-1.881195902824401855e-01,3.419116139411926270e-03,3.124612569808959961e-01,-6.230826973915100098e-01,-1.015255004167556763e-01
2.791951969265937805e-02,1.140424832701683044e-01,-3.529215976595878601e-02,-1.027991715818643570e-02,-8.119061589241027832e-03,4.667575936764478683e-03,2.245753407478332520e-01,-9.744567275047302246e-01,-2.719585970044136047e-02,-1.839856849983334541e-03,3.084751404821872711e-02,7.678154855966567993e-02,5.691979527473449707e-01,-2.219585888087749481e-02,-6.839856971055269241e-03,2.617993950843811035e-02,9.767815470695495605e-01,-8.080204576253890991e-02,-1.219585910439491272e-02,-1.839856849983334541e-03,0.000000000000000000e+00,9.878812730312347412e-02,4.195409297943115234e+00,8.687288500368595123e-03,9.256999939680099487e-03,1.854394562542438507e-02,5.460594315081834793e-03,0.000000000000000000e+00,9.118461608886718750e-01,5.065701007843017578e-01,4.881414473056793213e-01,1.573246568441390991e-01,-1.472009569406509399e-01,-1.416580677032470703e-01,-3.732191026210784912e-02,3.846726417541503906e-01,-7.247658967971801758e-01,-1.536982953548431396e-01
